Node ID,Name,Data,Annotation,URL,Type,Edge ID,Edge Src,Edge Trgt,Edge Width,Shape,Height,Width,X,Y,Fill Colour,Font Size,,etc…etc..
n0,CIS Controls,The CISv8 Control Set, ,https://www.cisecurity.org/controls/cis-controls-list,CIS,,,,,ROUND_RECTANGLE,50,100,0,0,#FF2C90BF,12,,
n1,Inventory and Control of Enterprise Assets,"1.0 - Actively manage (inventory, track, and correct) all enterprise assets (end-user devices, including portable and mobile; network devices; non-computing/Internet of Things (IoT) devices; and servers) connected to the infrastructure physically, virtually, remotely, and those within cloud environments, to accurately know the totality of assets that need to be monitored and protected within the enterprise. This will also support identifying unauthorized and unmanaged assets to remove or remediate.", ,,CIS,,,,,ROUND_RECTANGLE,50,100,0,0,#FF2C90BF,12,,
n2,Establish and Maintain Detailed Enterprise Asset Inventory,"1.1 - Establish and maintain an accurate, detailed, and up-to-date inventory of all enterprise assets with the potential to store or process data, to include: end-user devices (including portable and mobile), network devices, non-computing/IoT devices, and servers. Ensure the inventory records the network address (if static), hardware address, machine name, data asset owner, department for each asset, and whether the asset has been approved to connect to the network. For mobile end-user devices, MDM type tools can support this process, where appropriate. This inventory includes assets connected to the infrastructure physically, virtually, remotely, and those within cloud environments. Additionally, it includes assets that are regularly connected to the enterprise’s network infrastructure, even if they are not under control of the enterprise. Review and update the inventory of all enterprise assets bi-annually, or more frequently.", ,,CIS,,,,,ROUND_RECTANGLE,50,100,0,0,#FF2C90BF,12,,
n3,Address Unauthorized Assets,"1.2 - Ensure that a process exists to address unauthorized assets on a weekly basis. The enterprise may choose to remove the asset from the network, deny the asset from connecting remotely to the network, or quarantine the asset.", ,,CIS,,,,,ROUND_RECTANGLE,50,100,0,0,#FF2C90BF,12,,
n4,Utilize an Active Discovery Tool,"1.3 - Utilize an active discovery tool to identify assets connected to the enterprise’s network. Configure the active discovery tool to execute daily, or more frequently.", ,,CIS,,,,,ROUND_RECTANGLE,50,100,0,0,#FF2C90BF,12,,
n5,Use Dynamic Host Configuration Protocol (DHCP) Logging to Update Enterprise Asset Inventory,"1.4 - Use DHCP logging on all DHCP servers or Internet Protocol (IP) address management tools to update the enterprise’s asset inventory. Review and use logs to update the enterprise’s asset inventory weekly, or more frequently.", ,,CIS,,,,,ROUND_RECTANGLE,50,100,0,0,#FF2C90BF,12,,
n6,Use a Passive Asset Discovery Tool,"1.5 - Use a passive discovery tool to identify assets connected to the enterprise’s network. Review and use scans to update the enterprise’s asset inventory at least weekly, or more frequently.", ,,CIS,,,,,ROUND_RECTANGLE,50,100,0,0,#FF2C90BF,12,,
n7,Inventory and Control of Software Assets,"2.0 - Actively manage (inventory, track, and correct) all software (operating systems and applications) on the network so that only authorized software is installed and can execute, and that unauthorized and unmanaged software is found and prevented from installation or execution.", ,,CIS,,,,,ROUND_RECTANGLE,50,100,0,0,#FF2C90BF,12,,
n8,Establish and Maintain a Software Inventory,"2.1 - Establish and maintain a detailed inventory of all licensed software installed on enterprise assets. The software inventory must document the title, publisher, initial install/use date, and business purpose for each entry; where appropriate, include the Uniform Resource Locator (URL), app store(s), version(s), deployment mechanism, and decommission date. Review and update the software inventory bi-annually, or more frequently.", ,,CIS,,,,,ROUND_RECTANGLE,50,100,0,0,#FF2C90BF,12,,
n9,Ensure Authorized Software is Currently Supported ,"2.2 - Ensure that only currently supported software is designated as authorized in the software inventory for enterprise assets. If software is unsupported, yet necessary for the fulfillment of the enterprise’s mission, document an exception detailing mitigating controls and residual risk acceptance. For any unsupported software without an exception documentation, designate as unauthorized. Review the software list to verify software support at least monthly, or more frequently.", ,,CIS,,,,,ROUND_RECTANGLE,50,100,0,0,#FF2C90BF,12,,
n10,Address Unauthorized Software,"2.3 - Ensure that unauthorized software is either removed from use on enterprise assets or receives a documented exception. Review monthly, or more frequently.", ,,CIS,,,,,ROUND_RECTANGLE,50,100,0,0,#FF2C90BF,12,,
n11,Utilize Automated Software Inventory Tools,"2.4 - Utilize software inventory tools, when possible, throughout the enterprise to automate the discovery and documentation of installed software. ", ,,CIS,,,,,ROUND_RECTANGLE,50,100,0,0,#FF2C90BF,12,,
n12,Allowlist Authorized Software,"2.5 - Use technical controls, such as application allowlisting, to ensure that only authorized software can execute or be accessed. Reassess bi-annually, or more frequently.", ,,CIS,,,,,ROUND_RECTANGLE,50,100,0,0,#FF2C90BF,12,,
n13,Allowlist Authorized Libraries,"2.6 - Use technical controls to ensure that only authorized software libraries, such as specific .dll, .ocx, .so, etc., files, are allowed to load into a system process. Block unauthorized libraries from loading into a system process. Reassess bi-annually, or more frequently.", ,,CIS,,,,,ROUND_RECTANGLE,50,100,0,0,#FF2C90BF,12,,
n14,Allowlist Authorized Scripts,"2.7 - Use technical controls, such as digital signatures and version control, to ensure that only authorized scripts, such as specific .ps1, .py, etc., files, are allowed to execute. Block unauthorized scripts from executing. Reassess bi-annually, or more frequently.", ,,CIS,,,,,ROUND_RECTANGLE,50,100,0,0,#FF2C90BF,12,,
n15,Data Protection,"3.0 - Develop processes and technical controls to identify, classify, securely handle, retain, and dispose of data.", ,,CIS,,,,,ROUND_RECTANGLE,50,100,0,0,#FF2C90BF,12,,
n16,Establish and Maintain a Data Management Process,"3.1 - Establish and maintain a data management process. In the process, address data sensitivity, data owner, handling of data, data retention limits, and disposal requirements, based on sensitivity and retention standards for the enterprise. Review and update documentation annually, or when significant enterprise changes occur that could impact this Safeguard.", ,,CIS,,,,,ROUND_RECTANGLE,50,100,0,0,#FF2C90BF,12,,
n17,Establish and Maintain a Data Inventory,"3.2 - Establish and maintain a data inventory, based on the enterprise’s data management process. Inventory sensitive data, at a minimum. Review and update inventory annually, at a minimum, with a priority on sensitive data.", ,,CIS,,,,,ROUND_RECTANGLE,50,100,0,0,#FF2C90BF,12,,
n18,Configure Data Access Control Lists,"3.3 - Configure data access control lists based on a user’s need to know. Apply data access control lists, also known as access permissions, to local and remote file systems, databases, and applications.", ,,CIS,,,,,ROUND_RECTANGLE,50,100,0,0,#FF2C90BF,12,,
n19,Enforce Data Retention,3.4 - Retain data according to the enterprise’s data management process. Data retention must include both minimum and maximum timelines., ,,CIS,,,,,ROUND_RECTANGLE,50,100,0,0,#FF2C90BF,12,,
n20,Securely Dispose of Data,3.5 - Securely dispose of data as outlined in the enterprise’s data management process. Ensure the disposal process and method are commensurate with the data sensitivity., ,,CIS,,,,,ROUND_RECTANGLE,50,100,0,0,#FF2C90BF,12,,
n21,Encrypt Data on End-User Devices,"3.6 - Encrypt data on end-user devices containing sensitive data. Example implementations can include: Windows BitLocker®, Apple FileVault®, Linux® dm-crypt.", ,,CIS,,,,,ROUND_RECTANGLE,50,100,0,0,#FF2C90BF,12,,
n22,Establish and Maintain a Data Classification Scheme,"3.7 - Establish and maintain an overall data classification scheme for the enterprise. Enterprises may use labels, such as “Sensitive,” “Confidential,” and “Public,” and classify their data according to those labels. Review and update the classification scheme annually, or when significant enterprise changes occur that could impact this Safeguard.", ,,CIS,,,,,ROUND_RECTANGLE,50,100,0,0,#FF2C90BF,12,,
n23,Document Data Flows,"3.8 - Document data flows. Data flow documentation includes service provider data flows and should be based on the enterprise’s data management process. Review and update documentation annually, or when significant enterprise changes occur that could impact this Safeguard.", ,,CIS,,,,,ROUND_RECTANGLE,50,100,0,0,#FF2C90BF,12,,
n24,Encrypt Data on Removable Media,3.9 - Encrypt data on removable media., ,,CIS,,,,,ROUND_RECTANGLE,50,100,0,0,#FF2C90BF,12,,
n25,Encrypt Sensitive Data in Transit,3.10 - Encrypt sensitive data in transit. Example implementations can include: Transport Layer Security (TLS) and Open Secure Shell (OpenSSH)., ,,CIS,,,,,ROUND_RECTANGLE,50,100,0,0,#FF2C90BF,12,,
n26,Encrypt Sensitive Data at Rest,"3.11 - Encrypt sensitive data at rest on servers, applications, and databases containing sensitive data. Storage-layer encryption, also known as server-side encryption, meets the minimum requirement of this Safeguard. Additional encryption methods may include application-layer encryption, also known as client-side encryption, where access to the data storage device(s) does not permit access to the plain-text data. ", ,,CIS,,,,,ROUND_RECTANGLE,50,100,0,0,#FF2C90BF,12,,
n27,Segment Data Processing and Storage Based on Sensitivity,3.12 - Segment data processing and storage based on the sensitivity of the data. Do not process sensitive data on enterprise assets intended for lower sensitivity data., ,,CIS,,,,,ROUND_RECTANGLE,50,100,0,0,#FF2C90BF,12,,
n28,Deploy a Data Loss Prevention Solution,"3.13 - Implement an automated tool, such as a host-based Data Loss Prevention (DLP) tool to identify all sensitive data stored, processed, or transmitted through enterprise assets, including those located onsite or at a remote service provider, and update the enterprise's sensitive data inventory.", ,,CIS,,,,,ROUND_RECTANGLE,50,100,0,0,#FF2C90BF,12,,
n29,Log Sensitive Data Access,"3.14 - Log sensitive data access, including modification and disposal. ", ,,CIS,,,,,ROUND_RECTANGLE,50,100,0,0,#FF2C90BF,12,,
n30,Secure Configuration of Enterprise Assets and Software,"4.0 - Establish and maintain the secure configuration of enterprise assets (end-user devices, including portable and mobile; network devices; non-computing/IoT devices; and servers) and software (operating systems and applications).", ,,CIS,,,,,ROUND_RECTANGLE,50,100,0,0,#FF2C90BF,12,,
n31,Establish and Maintain a Secure Configuration Process,"4.1 - Establish and maintain a secure configuration process for enterprise assets (end-user devices, including portable and mobile, non-computing/IoT devices, and servers) and software (operating systems and applications). Review and update documentation annually, or when significant enterprise changes occur that could impact this Safeguard.", ,,CIS,,,,,ROUND_RECTANGLE,50,100,0,0,#FF2C90BF,12,,
n32,Establish and Maintain a Secure Configuration Process for Network Infrastructure,"4.2 - Establish and maintain a secure configuration process for network devices. Review and update documentation annually, or when significant enterprise changes occur that could impact this Safeguard.", ,,CIS,,,,,ROUND_RECTANGLE,50,100,0,0,#FF2C90BF,12,,
n33,Configure Automatic Session Locking on Enterprise Assets,"4.3 - Configure automatic session locking on enterprise assets after a defined period of inactivity. For general purpose operating systems, the period must not exceed 15 minutes. For mobile end-user devices, the period must not exceed 2 minutes.", ,,CIS,,,,,ROUND_RECTANGLE,50,100,0,0,#FF2C90BF,12,,
n34,Implement and Manage a Firewall on Servers,"4.4 - Implement and manage a firewall on servers, where supported. Example implementations include a virtual firewall, operating system firewall, or a third-party firewall agent.", ,,CIS,,,,,ROUND_RECTANGLE,50,100,0,0,#FF2C90BF,12,,
n35,Implement and Manage a Firewall on End-User Devices,"4.5 - Implement and manage a host-based firewall or port-filtering tool on end-user devices, with a default-deny rule that drops all traffic except those services and ports that are explicitly allowed.", ,,CIS,,,,,ROUND_RECTANGLE,50,100,0,0,#FF2C90BF,12,,
n36,Securely Manage Enterprise Assets and Software,"4.6 - Securely manage enterprise assets and software. Example implementations include managing configuration through version-controlled-infrastructure-as-code and accessing administrative interfaces over secure network protocols, such as Secure Shell (SSH) and Hypertext Transfer Protocol Secure (HTTPS). Do not use insecure management protocols, such as Telnet (Teletype Network) and HTTP, unless operationally essential.", ,,CIS,,,,,ROUND_RECTANGLE,50,100,0,0,#FF2C90BF,12,,
n37,Manage Default Accounts on Enterprise Assets and Software,"4.7 - Manage default accounts on enterprise assets and software, such as root, administrator, and other pre-configured vendor accounts. Example implementations can include: disabling default accounts or making them unusable.", ,,CIS,,,,,ROUND_RECTANGLE,50,100,0,0,#FF2C90BF,12,,
n38,Uninstall or Disable Unnecessary Services on Enterprise Assets and Software,"4.8 - Uninstall or disable unnecessary services on enterprise assets and software, such as an unused file sharing service, web application module, or service function.", ,,CIS,,,,,ROUND_RECTANGLE,50,100,0,0,#FF2C90BF,12,,
n39,Configure Trusted DNS Servers on Enterprise Assets,4.9 - Configure trusted DNS servers on enterprise assets. Example implementations include: configuring assets to use enterprise-controlled DNS servers and/or reputable externally accessible DNS servers. , ,,CIS,,,,,ROUND_RECTANGLE,50,100,0,0,#FF2C90BF,12,,
n40,Enforce Automatic Device Lockout on Portable End-User Devices,"4.10 - Enforce automatic device lockout following a predetermined threshold of local failed authentication attempts on portable end-user devices, where supported. For laptops, do not allow more than 20 failed authentication attempts; for tablets and smartphones, no more than 10 failed authentication attempts. Example implementations include Microsoft® InTune Device Lock and Apple® Configuration Profile maxFailedAttempts.", ,,CIS,,,,,ROUND_RECTANGLE,50,100,0,0,#FF2C90BF,12,,
n41,Enforce Remote Wipe Capability on Portable End-User Devices,"4.11 - Remotely wipe enterprise data from enterprise-owned portable end-user devices when deemed appropriate such as lost or stolen devices, or when an individual no longer supports the enterprise.", ,,CIS,,,,,ROUND_RECTANGLE,50,100,0,0,#FF2C90BF,12,,
n42,Separate Enterprise Workspaces on Mobile End-User Devices,"4.12 - Ensure separate enterprise workspaces are used on mobile end-user devices, where supported. Example implementations include using an Apple® Configuration Profile or Android™ Work Profile to separate enterprise applications and data from personal applications and data.", ,,CIS,,,,,ROUND_RECTANGLE,50,100,0,0,#FF2C90BF,12,,
n43,Account Management,"5.0 - Use processes and tools to assign and manage authorization to credentials for user accounts, including administrator accounts, as well as service accounts, to enterprise assets and software.", ,,CIS,,,,,ROUND_RECTANGLE,50,100,0,0,#FF2C90BF,12,,
n44,Establish and Maintain an Inventory of Accounts,"5.1 - Establish and maintain an inventory of all accounts managed in the enterprise. The inventory must include both user and administrator accounts. The inventory, at a minimum, should contain the person’s name, username, start/stop dates, and department. Validate that all active accounts are authorized, on a recurring schedule at a minimum quarterly, or more frequently.", ,,CIS,,,,,ROUND_RECTANGLE,50,100,0,0,#FF2C90BF,12,,
n45,Use Unique Passwords,"5.2 - Use unique passwords for all enterprise assets. Best practice implementation includes, at a minimum, an 8-character password for accounts using MFA and a 14-character password for accounts not using MFA. ", ,,CIS,,,,,ROUND_RECTANGLE,50,100,0,0,#FF2C90BF,12,,
n46,Disable Dormant Accounts,"5.3 - Delete or disable any dormant accounts after a period of 45 days of inactivity, where supported.", ,,CIS,,,,,ROUND_RECTANGLE,50,100,0,0,#FF2C90BF,12,,
n47,Restrict Administrator Privileges to Dedicated Administrator Accounts,"5.4 - Restrict administrator privileges to dedicated administrator accounts on enterprise assets. Conduct general computing activities, such as internet browsing, email, and productivity suite use, from the user’s primary, non-privileged account.", ,,CIS,,,,,ROUND_RECTANGLE,50,100,0,0,#FF2C90BF,12,,
n48,Establish and Maintain an Inventory of Service Accounts,"5.5 - Establish and maintain an inventory of service accounts. The inventory, at a minimum, must contain department owner, review date, and purpose. Perform service account reviews to validate that all active accounts are authorized, on a recurring schedule at a minimum quarterly, or more frequently.", ,,CIS,,,,,ROUND_RECTANGLE,50,100,0,0,#FF2C90BF,12,,
n49,Centralize Account Management,5.6 - Centralize account management through a directory or identity service., ,,CIS,,,,,ROUND_RECTANGLE,50,100,0,0,#FF2C90BF,12,,
n50,Access Control Management,"6.0 - Use processes and tools to create, assign, manage, and revoke access credentials and privileges for user, administrator, and service accounts for enterprise assets and software.", ,,CIS,,,,,ROUND_RECTANGLE,50,100,0,0,#FF2C90BF,12,,
n51,Establish an Access Granting Process,"6.1 - Establish and follow a process, preferably automated, for granting access to enterprise assets upon new hire, rights grant, or role change of a user.", ,,CIS,,,,,ROUND_RECTANGLE,50,100,0,0,#FF2C90BF,12,,
n52,Establish an Access Revoking Process,"6.2 - Establish and follow a process, preferably automated, for revoking access to enterprise assets, through disabling accounts immediately upon termination, rights revocation, or role change of a user. Disabling accounts, instead of deleting accounts, may be necessary to preserve audit trails.", ,,CIS,,,,,ROUND_RECTANGLE,50,100,0,0,#FF2C90BF,12,,
n53,Require MFA for Externally-Exposed Applications,"6.3 - Require all externally-exposed enterprise or third-party applications to enforce MFA, where supported. Enforcing MFA through a directory service or SSO provider is a satisfactory implementation of this Safeguard.", ,,CIS,,,,,ROUND_RECTANGLE,50,100,0,0,#FF2C90BF,12,,
n54,Require MFA for Remote Network Access,6.4 - Require MFA for remote network access., ,,CIS,,,,,ROUND_RECTANGLE,50,100,0,0,#FF2C90BF,12,,
n55,Require MFA for Administrative Access,"6.5 - Require MFA for all administrative access accounts, where supported, on all enterprise assets, whether managed on-site or through a third-party provider.", ,,CIS,,,,,ROUND_RECTANGLE,50,100,0,0,#FF2C90BF,12,,
n56,Establish and Maintain an Inventory of Authentication and Authorization Systems,"6.6 - Establish and maintain an inventory of the enterprise’s authentication and authorization systems, including those hosted on-site or at a remote service provider. Review and update the inventory, at a minimum, annually, or more frequently.", ,,CIS,,,,,ROUND_RECTANGLE,50,100,0,0,#FF2C90BF,12,,
n57,Centralize Access Control,"6.7 - Centralize access control for all enterprise assets through a directory service or SSO provider, where supported.", ,,CIS,,,,,ROUND_RECTANGLE,50,100,0,0,#FF2C90BF,12,,
n58,Define and Maintain Role-Based Access Control,"6.8 - Define and maintain role-based access control, through determining and documenting the access rights necessary for each role within the enterprise to successfully carry out its assigned duties. Perform access control reviews of enterprise assets to validate that all privileges are authorized, on a recurring schedule at a minimum annually, or more frequently.", ,,CIS,,,,,ROUND_RECTANGLE,50,100,0,0,#FF2C90BF,12,,
n59,Continuous Vulnerability Management,"7.0 - Develop a plan to continuously assess and track vulnerabilities on all enterprise assets within the enterprise’s infrastructure, in order to remediate, and minimize, the window of opportunity for attackers. Monitor public and private industry sources for new threat and vulnerability information.", ,,CIS,,,,,ROUND_RECTANGLE,50,100,0,0,#FF2C90BF,12,,
n60,Establish and Maintain a Vulnerability Management Process,"7.1 - Establish and maintain a documented vulnerability management process for enterprise assets. Review and update documentation annually, or when significant enterprise changes occur that could impact this Safeguard.", ,,CIS,,,,,ROUND_RECTANGLE,50,100,0,0,#FF2C90BF,12,,
n61,Establish and Maintain a Remediation Process,"7.2 - Establish and maintain a risk-based remediation strategy documented in a remediation process, with monthly, or more frequent, reviews.", ,,CIS,,,,,ROUND_RECTANGLE,50,100,0,0,#FF2C90BF,12,,
n62,Perform Automated Operating System Patch Management,"7.3 - Perform operating system updates on enterprise assets through automated patch management on a monthly, or more frequent, basis.", ,,CIS,,,,,ROUND_RECTANGLE,50,100,0,0,#FF2C90BF,12,,
n63,Perform Automated Application Patch Management,"7.4 - Perform application updates on enterprise assets through automated patch management on a monthly, or more frequent, basis.", ,,CIS,,,,,ROUND_RECTANGLE,50,100,0,0,#FF2C90BF,12,,
n64,Perform Automated Vulnerability Scans of Internal Enterprise Assets,"7.5 - Perform automated vulnerability scans of internal enterprise assets on a quarterly, or more frequent, basis. Conduct both authenticated and unauthenticated scans, using a SCAP-compliant vulnerability scanning tool.", ,,CIS,,,,,ROUND_RECTANGLE,50,100,0,0,#FF2C90BF,12,,
n65,Perform Automated Vulnerability Scans of Externally-Exposed Enterprise Assets,"7.6 - Perform automated vulnerability scans of externally-exposed enterprise assets using a SCAP-compliant vulnerability scanning tool. Perform scans on a monthly, or more frequent, basis. ", ,,CIS,,,,,ROUND_RECTANGLE,50,100,0,0,#FF2C90BF,12,,
n66,Remediate Detected Vulnerabilities,"7.7 - Remediate detected vulnerabilities in software through processes and tooling on a monthly, or more frequent, basis, based on the remediation process.", ,,CIS,,,,,ROUND_RECTANGLE,50,100,0,0,#FF2C90BF,12,,
n67,Audit Log Management,"8.0 - Collect, alert, review, and retain audit logs of events that could help detect, understand, or recover from an attack.", ,,CIS,,,,,ROUND_RECTANGLE,50,100,0,0,#FF2C90BF,12,,
n68,Establish and Maintain an Audit Log Management Process,"8.1 - Establish and maintain an audit log management process that defines the enterprise’s logging requirements. At a minimum, address the collection, review, and retention of audit logs for enterprise assets. Review and update documentation annually, or when significant enterprise changes occur that could impact this Safeguard.", ,,CIS,,,,,ROUND_RECTANGLE,50,100,0,0,#FF2C90BF,12,,
n69,Collect Audit Logs,"8.2 - Collect audit logs. Ensure that logging, per the enterprise’s audit log management process, has been enabled across enterprise assets.", ,,CIS,,,,,ROUND_RECTANGLE,50,100,0,0,#FF2C90BF,12,,
n70,Ensure Adequate Audit Log Storage,8.3 - Ensure that logging destinations maintain adequate storage to comply with the enterprise’s audit log management process., ,,CIS,,,,,ROUND_RECTANGLE,50,100,0,0,#FF2C90BF,12,,
n71,Standardize Time Synchronization,"8.4 - Standardize time synchronization. Configure at least two synchronized time sources across enterprise assets, where supported.", ,,CIS,,,,,ROUND_RECTANGLE,50,100,0,0,#FF2C90BF,12,,
n72,Collect Detailed Audit Logs,"8.5 - Configure detailed audit logging for enterprise assets containing sensitive data. Include event source, date, username, timestamp, source addresses, destination addresses, and other useful elements that could assist in a forensic investigation.", ,,CIS,,,,,ROUND_RECTANGLE,50,100,0,0,#FF2C90BF,12,,
n73,Collect DNS Query Audit Logs,"8.6 - Collect DNS query audit logs on enterprise assets, where appropriate and supported.", ,,CIS,,,,,ROUND_RECTANGLE,50,100,0,0,#FF2C90BF,12,,
n74,Collect URL Request Audit Logs,"8.7 - Collect URL request audit logs on enterprise assets, where appropriate and supported.", ,,CIS,,,,,ROUND_RECTANGLE,50,100,0,0,#FF2C90BF,12,,
n75,Collect Command-Line Audit Logs,"8.8 - Collect command-line audit logs. Example implementations include collecting audit logs from PowerShell®, BASH™, and remote administrative terminals.", ,,CIS,,,,,ROUND_RECTANGLE,50,100,0,0,#FF2C90BF,12,,
n76,Centralize Audit Logs,"8.9 - Centralize, to the extent possible, audit log collection and retention across enterprise assets.", ,,CIS,,,,,ROUND_RECTANGLE,50,100,0,0,#FF2C90BF,12,,
n77,Retain Audit Logs,8.10 - Retain audit logs across enterprise assets for a minimum of 90 days., ,,CIS,,,,,ROUND_RECTANGLE,50,100,0,0,#FF2C90BF,12,,
n78,Conduct Audit Log Reviews,"8.11 - Conduct reviews of audit logs to detect anomalies or abnormal events that could indicate a potential threat. Conduct reviews on a weekly, or more frequent, basis.", ,,CIS,,,,,ROUND_RECTANGLE,50,100,0,0,#FF2C90BF,12,,
n79,Collect Service Provider Logs,"8.12 - Collect service provider logs, where supported. Example implementations include collecting authentication and authorization events, data creation and disposal events, and user management events.", ,,CIS,,,,,ROUND_RECTANGLE,50,100,0,0,#FF2C90BF,12,,
n80,Email and Web Browser Protections,"9.0 - Improve protections and detections of threats from email and web vectors, as these are opportunities for attackers to manipulate human behavior through direct engagement.", ,,CIS,,,,,ROUND_RECTANGLE,50,100,0,0,#FF2C90BF,12,,
n81,Ensure Use of Only Fully Supported Browsers and Email Clients,"9.1 - Ensure only fully supported browsers and email clients are allowed to execute in the enterprise, only using the latest version of browsers and email clients provided through the vendor.", ,,CIS,,,,,ROUND_RECTANGLE,50,100,0,0,#FF2C90BF,12,,
n82,Use DNS Filtering Services,9.2 - Use DNS filtering services on all enterprise assets to block access to known malicious domains., ,,CIS,,,,,ROUND_RECTANGLE,50,100,0,0,#FF2C90BF,12,,
n83,Maintain and Enforce Network-Based URL Filters,"9.3 - Enforce and update network-based URL filters to limit an enterprise asset from connecting to potentially malicious or unapproved websites. Example implementations include category-based filtering, reputation-based filtering, or through the use of block lists. Enforce filters for all enterprise assets.", ,,CIS,,,,,ROUND_RECTANGLE,50,100,0,0,#FF2C90BF,12,,
n84,Restrict Unnecessary or Unauthorized Browser and Email Client Extensions,"9.4 - Restrict, either through uninstalling or disabling, any unauthorized or unnecessary browser or email client plugins, extensions, and add-on applications.", ,,CIS,,,,,ROUND_RECTANGLE,50,100,0,0,#FF2C90BF,12,,
n85,Implement DMARC,"9.5 - To lower the chance of spoofed or modified emails from valid domains, implement DMARC policy and verification, starting with implementing the Sender Policy Framework (SPF) and the DomainKeys Identified Mail (DKIM) standards.", ,,CIS,,,,,ROUND_RECTANGLE,50,100,0,0,#FF2C90BF,12,,
n86,Block Unnecessary File Types,9.6 - Block unnecessary file types attempting to enter the enterprise’s email gateway., ,,CIS,,,,,ROUND_RECTANGLE,50,100,0,0,#FF2C90BF,12,,
n87,Deploy and Maintain Email Server Anti-Malware Protections,"9.7 - Deploy and maintain email server anti-malware protections, such as attachment scanning and/or sandboxing.", ,,CIS,,,,,ROUND_RECTANGLE,50,100,0,0,#FF2C90BF,12,,
n88,Malware Defenses,"10.0 - Prevent or control the installation, spread, and execution of malicious applications, code, or scripts on enterprise assets.", ,,CIS,,,,,ROUND_RECTANGLE,50,100,0,0,#FF2C90BF,12,,
n89,Deploy and Maintain Anti-Malware Software,10.1 - Deploy and maintain anti-malware software on all enterprise assets., ,,CIS,,,,,ROUND_RECTANGLE,50,100,0,0,#FF2C90BF,12,,
n90,Configure Automatic Anti-Malware Signature Updates,10.2 - Configure automatic updates for anti-malware signature files on all enterprise assets., ,,CIS,,,,,ROUND_RECTANGLE,50,100,0,0,#FF2C90BF,12,,
n91,Disable Autorun and Autoplay for Removable Media,10.3 - Disable autorun and autoplay auto-execute functionality for removable media., ,,CIS,,,,,ROUND_RECTANGLE,50,100,0,0,#FF2C90BF,12,,
n92,Configure Automatic Anti-Malware Scanning of Removable Media,10.4 - Configure anti-malware software to automatically scan removable media., ,,CIS,,,,,ROUND_RECTANGLE,50,100,0,0,#FF2C90BF,12,,
n93,Enable Anti-Exploitation Features,"10.5 - Enable anti-exploitation features on enterprise assets and software, where possible, such as Microsoft® Data Execution Prevention (DEP), Windows® Defender Exploit Guard (WDEG), or Apple® System Integrity Protection (SIP) and Gatekeeper™.", ,,CIS,,,,,ROUND_RECTANGLE,50,100,0,0,#FF2C90BF,12,,
n94,Centrally Manage Anti-Malware Software,10.6 - Centrally manage anti-malware software., ,,CIS,,,,,ROUND_RECTANGLE,50,100,0,0,#FF2C90BF,12,,
n95,Use Behavior-Based Anti-Malware Software,10.7 - Use behavior-based anti-malware software., ,,CIS,,,,,ROUND_RECTANGLE,50,100,0,0,#FF2C90BF,12,,
n96,Data Recovery,11.0 - Establish and maintain data recovery practices sufficient to restore in-scope enterprise assets to a pre-incident and trusted state., ,,CIS,,,,,ROUND_RECTANGLE,50,100,0,0,#FF2C90BF,12,,
n97,Establish and Maintain a Data Recovery Process ,"11.1 - Establish and maintain a data recovery process. In the process, address the scope of data recovery activities, recovery prioritization, and the security of backup data. Review and update documentation annually, or when significant enterprise changes occur that could impact this Safeguard. ", ,,CIS,,,,,ROUND_RECTANGLE,50,100,0,0,#FF2C90BF,12,,
n98,Perform Automated Backups ,"11.2 - Perform automated backups of in-scope enterprise assets. Run backups weekly, or more frequently, based on the sensitivity of the data.", ,,CIS,,,,,ROUND_RECTANGLE,50,100,0,0,#FF2C90BF,12,,
n99,Protect Recovery Data,"11.3 - Protect recovery data with equivalent controls to the original data. Reference encryption or data separation, based on requirements.", ,,CIS,,,,,ROUND_RECTANGLE,50,100,0,0,#FF2C90BF,12,,
n100,Establish and Maintain an Isolated Instance of Recovery Data ,"11.4 - Establish and maintain an isolated instance of recovery data. Example implementations include, version controlling backup destinations through offline, cloud, or off-site systems or services.", ,,CIS,,,,,ROUND_RECTANGLE,50,100,0,0,#FF2C90BF,12,,
n101,Test Data Recovery,"11.5 - Test backup recovery quarterly, or more frequently, for a sampling of in-scope enterprise assets.", ,,CIS,,,,,ROUND_RECTANGLE,50,100,0,0,#FF2C90BF,12,,
n102,Network Infrastructure Management,"12.0 - Establish, implement, and actively manage (track, report, correct) network devices, in order to prevent attackers from exploiting vulnerable network services and access points.", ,,CIS,,,,,ROUND_RECTANGLE,50,100,0,0,#FF2C90BF,12,,
n103,Ensure Network Infrastructure is Up-to-Date,"12.1 - Ensure network infrastructure is kept up-to-date. Example implementations include running the latest stable release of software and/or using currently supported network-as-a-service (NaaS) offerings. Review software versions monthly, or more frequently, to verify software support.", ,,CIS,,,,,ROUND_RECTANGLE,50,100,0,0,#FF2C90BF,12,,
n104,Establish and Maintain a Secure Network Architecture,"12.2 - Establish and maintain a secure network architecture. A secure network architecture must address segmentation, least privilege, and availability, at a minimum.", ,,CIS,,,,,ROUND_RECTANGLE,50,100,0,0,#FF2C90BF,12,,
n105,Securely Manage Network Infrastructure,"12.3 - Securely manage network infrastructure. Example implementations include version-controlled-infrastructure-as-code, and the use of secure network protocols, such as SSH and HTTPS. ", ,,CIS,,,,,ROUND_RECTANGLE,50,100,0,0,#FF2C90BF,12,,
n106,Establish and Maintain Architecture Diagram(s),"12.4 - Establish and maintain architecture diagram(s) and/or other network system documentation. Review and update documentation annually, or when significant enterprise changes occur that could impact this Safeguard.", ,,CIS,,,,,ROUND_RECTANGLE,50,100,0,0,#FF2C90BF,12,,
n107,"Centralize Network Authentication, Authorization, and Auditing (AAA)",12.5 - Centralize network AAA., ,,CIS,,,,,ROUND_RECTANGLE,50,100,0,0,#FF2C90BF,12,,
n108,Use of Secure Network Management and Communication Protocols ,"12.6 - Use secure network management and communication protocols (e.g., 802.1X, Wi-Fi Protected Access 2 (WPA2) Enterprise or greater).", ,,CIS,,,,,ROUND_RECTANGLE,50,100,0,0,#FF2C90BF,12,,
n109,Ensure Remote Devices Utilize a VPN and are Connecting to an Enterprise’s AAA Infrastructure,12.7 - Require users to authenticate to enterprise-managed VPN and authentication services prior to accessing enterprise resources on end-user devices., ,,CIS,,,,,ROUND_RECTANGLE,50,100,0,0,#FF2C90BF,12,,
n110,Establish and Maintain Dedicated Computing Resources for All Administrative Work,"12.8 - Establish and maintain dedicated computing resources, either physically or logically separated, for all administrative tasks or tasks requiring administrative access. The computing resources should be segmented from the enterprise's primary network and not be allowed internet access.", ,,CIS,,,,,ROUND_RECTANGLE,50,100,0,0,#FF2C90BF,12,,
n111,Network Monitoring and Defense,13.0 - Operate processes and tooling to establish and maintain comprehensive network monitoring and defense against security threats across the enterprise’s network infrastructure and user base., ,,CIS,,,,,ROUND_RECTANGLE,50,100,0,0,#FF2C90BF,12,,
n112,Centralize Security Event Alerting,"13.1 - Centralize security event alerting across enterprise assets for log correlation and analysis. Best practice implementation requires the use of a SIEM, which includes vendor-defined event correlation alerts. A log analytics platform configured with security-relevant correlation alerts also satisfies this Safeguard.", ,,CIS,,,,,ROUND_RECTANGLE,50,100,0,0,#FF2C90BF,12,,
n113,Deploy a Host-Based Intrusion Detection Solution,"13.2 - Deploy a host-based intrusion detection solution on enterprise assets, where appropriate and/or supported.", ,,CIS,,,,,ROUND_RECTANGLE,50,100,0,0,#FF2C90BF,12,,
n114,Deploy a Network Intrusion Detection Solution,"13.3 - Deploy a network intrusion detection solution on enterprise assets, where appropriate. Example implementations include the use of a Network Intrusion Detection System (NIDS) or equivalent cloud service provider (CSP) service.", ,,CIS,,,,,ROUND_RECTANGLE,50,100,0,0,#FF2C90BF,12,,
n115,Perform Traffic Filtering Between Network Segments,"13.4 - Perform traffic filtering between network segments, where appropriate.", ,,CIS,,,,,ROUND_RECTANGLE,50,100,0,0,#FF2C90BF,12,,
n116,Manage Access Control for Remote Assets,"13.5 - Manage access control for assets remotely connecting to enterprise resources. Determine amount of access to enterprise resources based on: up-to-date anti-malware software installed, configuration compliance with the enterprise’s secure configuration process, and ensuring the operating system and applications are up-to-date.  ", ,,CIS,,,,,ROUND_RECTANGLE,50,100,0,0,#FF2C90BF,12,,
n117,Collect Network Traffic Flow Logs ,13.6 - Collect network traffic flow logs and/or network traffic to review and alert upon from network devices., ,,CIS,,,,,ROUND_RECTANGLE,50,100,0,0,#FF2C90BF,12,,
n118,Deploy a Host-Based Intrusion Prevention Solution,"13.7 - Deploy a host-based intrusion prevention solution on enterprise assets, where appropriate and/or supported. Example implementations include use of an Endpoint Detection and Response (EDR) client or host-based IPS agent.", ,,CIS,,,,,ROUND_RECTANGLE,50,100,0,0,#FF2C90BF,12,,
n119,Deploy a Network Intrusion Prevention Solution,"13.8 - Deploy a network intrusion prevention solution, where appropriate. Example implementations include the use of a Network Intrusion Prevention System (NIPS) or equivalent CSP service.", ,,CIS,,,,,ROUND_RECTANGLE,50,100,0,0,#FF2C90BF,12,,
n120,Deploy Port-Level Access Control,"13.9 - Deploy port-level access control. Port-level access control utilizes 802.1x, or similar network access control protocols, such as certificates, and may incorporate user and/or device authentication.", ,,CIS,,,,,ROUND_RECTANGLE,50,100,0,0,#FF2C90BF,12,,
n121,Perform Application Layer Filtering,"13.10 - Perform application layer filtering. Example implementations include a filtering proxy, application layer firewall, or gateway.", ,,CIS,,,,,ROUND_RECTANGLE,50,100,0,0,#FF2C90BF,12,,
n122,Tune Security Event Alerting Thresholds,"13.11 - Tune security event alerting thresholds monthly, or more frequently.", ,,CIS,,,,,ROUND_RECTANGLE,50,100,0,0,#FF2C90BF,12,,
n123,Security Awareness and Skills Training,14.0 - Establish and maintain a security awareness program to influence behavior among the workforce to be security conscious and properly skilled to reduce cybersecurity risks to the enterprise., ,,CIS,,,,,ROUND_RECTANGLE,50,100,0,0,#FF2C90BF,12,,
n124,Establish and Maintain a Security Awareness Program,"14.1 - Establish and maintain a security awareness program. The purpose of a security awareness program is to educate the enterprise’s workforce on how to interact with enterprise assets and data in a secure manner. Conduct training at hire and, at a minimum, annually. Review and update content annually, or when significant enterprise changes occur that could impact this Safeguard.", ,,CIS,,,,,ROUND_RECTANGLE,50,100,0,0,#FF2C90BF,12,,
n125,Train Workforce Members to Recognize Social Engineering Attacks,"14.2 - Train workforce members to recognize social engineering attacks, such as phishing, pre-texting, and tailgating. ", ,,CIS,,,,,ROUND_RECTANGLE,50,100,0,0,#FF2C90BF,12,,
n126,Train Workforce Members on Authentication Best Practices,"14.3 - Train workforce members on authentication best practices. Example topics include MFA, password composition, and credential management.", ,,CIS,,,,,ROUND_RECTANGLE,50,100,0,0,#FF2C90BF,12,,
n127,Train Workforce on Data Handling Best Practices,"14.4 - Train workforce members on how to identify and properly store, transfer, archive, and destroy sensitive data. This also includes training workforce members on clear screen and desk best practices, such as locking their screen when they step away from their enterprise asset, erasing physical and virtual whiteboards at the end of meetings, and storing data and assets securely.", ,,CIS,,,,,ROUND_RECTANGLE,50,100,0,0,#FF2C90BF,12,,
n128,Train Workforce Members on Causes of Unintentional Data Exposure,"14.5 - Train workforce members to be aware of causes for unintentional data exposure. Example topics include mis-delivery of sensitive data, losing a portable end-user device, or publishing data to unintended audiences.", ,,CIS,,,,,ROUND_RECTANGLE,50,100,0,0,#FF2C90BF,12,,
n129,Train Workforce Members on Recognizing and Reporting Security Incidents,14.6 - Train workforce members to be able to recognize a potential incident and be able to report such an incident. , ,,CIS,,,,,ROUND_RECTANGLE,50,100,0,0,#FF2C90BF,12,,
n130,Train Workforce on How to Identify and Report if Their Enterprise Assets are Missing Security Updates,14.7 - Train workforce to understand how to verify and report out-of-date software patches or any failures in automated processes and tools. Part of this training should include notifying IT personnel of any failures in automated processes and tools., ,,CIS,,,,,ROUND_RECTANGLE,50,100,0,0,#FF2C90BF,12,,
n131,Train Workforce on the Dangers of Connecting to and Transmitting Enterprise Data Over Insecure Networks,"14.8 - Train workforce members on the dangers of connecting to, and transmitting data over, insecure networks for enterprise activities. If the enterprise has remote workers, training must include guidance to ensure that all users securely configure their home network infrastructure.", ,,CIS,,,,,ROUND_RECTANGLE,50,100,0,0,#FF2C90BF,12,,
n132,Conduct Role-Specific Security Awareness and Skills Training,"14.9 - Conduct role-specific security awareness and skills training. Example implementations include secure system administration courses for IT professionals, OWASP® Top 10 vulnerability awareness and prevention training for web application developers, and advanced social engineering awareness training for high-profile roles.", ,,CIS,,,,,ROUND_RECTANGLE,50,100,0,0,#FF2C90BF,12,,
n133,Service Provider Management,"15.0 - Develop a process to evaluate service providers who hold sensitive data, or are responsible for an enterprise’s critical IT platforms or processes, to ensure these providers are protecting those platforms and data appropriately.", ,,CIS,,,,,ROUND_RECTANGLE,50,100,0,0,#FF2C90BF,12,,
n134,Establish and Maintain an Inventory of Service Providers,"15.1 - Establish and maintain an inventory of service providers. The inventory is to list all known service providers, include classification(s), and designate an enterprise contact for each service provider. Review and update the inventory annually, or when significant enterprise changes occur that could impact this Safeguard. ", ,,CIS,,,,,ROUND_RECTANGLE,50,100,0,0,#FF2C90BF,12,,
n135,Establish and Maintain a Service Provider Management Policy,"15.2 - Establish and maintain a service provider management policy. Ensure the policy addresses the classification, inventory, assessment, monitoring, and decommissioning of service providers. Review and update the policy annually, or when significant enterprise changes occur that could impact this Safeguard.", ,,CIS,,,,,ROUND_RECTANGLE,50,100,0,0,#FF2C90BF,12,,
n136,Classify Service Providers,"15.3 - Classify service providers. Classification consideration may include one or more characteristics, such as data sensitivity, data volume, availability requirements, applicable regulations, inherent risk, and mitigated risk. Update and review classifications annually, or when significant enterprise changes occur that could impact this Safeguard.", ,,CIS,,,,,ROUND_RECTANGLE,50,100,0,0,#FF2C90BF,12,,
n137,Ensure Service Provider Contracts Include Security Requirements,"15.4 - Ensure service provider contracts include security requirements. Example requirements may include minimum security program requirements, security incident and/or data breach notification and response, data encryption requirements, and data disposal commitments. These security requirements must be consistent with the enterprise’s service provider management policy. Review service provider contracts annually to ensure contracts are not missing security requirements.", ,,CIS,,,,,ROUND_RECTANGLE,50,100,0,0,#FF2C90BF,12,,
n138,Assess Service Providers,"15.5 - Assess service providers consistent with the enterprise’s service provider management policy. Assessment scope may vary based on classification(s), and may include review of standardized assessment reports, such as Service Organization Control 2 (SOC 2) and Payment Card Industry (PCI) Attestation of Compliance (AoC), customized questionnaires, or other appropriately rigorous processes. Reassess service providers annually, at a minimum, or with new and renewed contracts.", ,,CIS,,,,,ROUND_RECTANGLE,50,100,0,0,#FF2C90BF,12,,
n139,Monitor Service Providers,"15.6 - Monitor service providers consistent with the enterprise’s service provider management policy. Monitoring may include periodic reassessment of service provider compliance, monitoring service provider release notes, and dark web monitoring.", ,,CIS,,,,,ROUND_RECTANGLE,50,100,0,0,#FF2C90BF,12,,
n140,Securely Decommission Service Providers,"15.7 - Securely decommission service providers. Example considerations include user and service account deactivation, termination of data flows, and secure disposal of enterprise data within service provider systems. ", ,,CIS,,,,,ROUND_RECTANGLE,50,100,0,0,#FF2C90BF,12,,
n141,Application Software Security,"16.0 - Manage the security life cycle of in-house developed, hosted, or acquired software to prevent, detect, and remediate security weaknesses before they can impact the enterprise.", ,,CIS,,,,,ROUND_RECTANGLE,50,100,0,0,#FF2C90BF,12,,
n142,Establish and Maintain a Secure Application Development Process,"16.1 - Establish and maintain a secure application development process. In the process, address such items as: secure application design standards, secure coding practices, developer training, vulnerability management, security of third-party code, and application security testing procedures. Review and update documentation annually, or when significant enterprise changes occur that could impact this Safeguard.", ,,CIS,,,,,ROUND_RECTANGLE,50,100,0,0,#FF2C90BF,12,,
n143,Establish and Maintain a Process to Accept and Address Software Vulnerabilities,"16.2 - Establish and maintain a process to accept and address reports of software vulnerabilities, including providing a means for external entities to report. The process is to include such items as: a vulnerability handling policy that identifies reporting process, responsible party for handling vulnerability reports, and a process for intake, assignment, remediation, and remediation testing. As part of the process, use a vulnerability tracking system that includes severity ratings, and metrics for measuring timing for identification, analysis, and remediation of vulnerabilities. Review and update documentation annually, or when significant enterprise changes occur that could impact this Safeguard.  Third-party application developers need to consider this an externally-facing policy that helps to set expectations for outside stakeholders. ", ,,CIS,,,,,ROUND_RECTANGLE,50,100,0,0,#FF2C90BF,12,,
n144,Perform Root Cause Analysis on Security Vulnerabilities,"16.3 - Perform root cause analysis on security vulnerabilities. When reviewing vulnerabilities, root cause analysis is the task of evaluating underlying issues that create vulnerabilities in code, and allows development teams to move beyond just fixing individual vulnerabilities as they arise.", ,,CIS,,,,,ROUND_RECTANGLE,50,100,0,0,#FF2C90BF,12,,
n145,Establish and Manage an Inventory of Third-Party Software Components,"16.4 - Establish and manage an updated inventory of third-party components used in development, often referred to as a “bill of materials,” as well as components slated for future use. This inventory is to include any risks that each third-party component could pose. Evaluate the list at least monthly to identify any changes or updates to these components, and validate that the component is still supported. ", ,,CIS,,,,,ROUND_RECTANGLE,50,100,0,0,#FF2C90BF,12,,
n146,Use Up-to-Date and Trusted Third-Party Software Components,"16.5 - Use up-to-date and trusted third-party software components. When possible, choose established and proven frameworks and libraries that provide adequate security. Acquire these components from trusted sources or evaluate the software for vulnerabilities before use.", ,,CIS,,,,,ROUND_RECTANGLE,50,100,0,0,#FF2C90BF,12,,
n147,Establish and Maintain a Severity Rating System and Process for Application Vulnerabilities,16.6 - Establish and maintain a severity rating system and process for application vulnerabilities that facilitates prioritizing the order in which discovered vulnerabilities are fixed. This process includes setting a minimum level of security acceptability for releasing code or applications. Severity ratings bring a systematic way of triaging vulnerabilities that improves risk management and helps ensure the most severe bugs are fixed first. Review and update the system and process annually., ,,CIS,,,,,ROUND_RECTANGLE,50,100,0,0,#FF2C90BF,12,,
n148,Use Standard Hardening Configuration Templates for Application Infrastructure,"16.7 - Use standard, industry-recommended hardening configuration templates for application infrastructure components. This includes underlying servers, databases, and web servers, and applies to cloud containers, Platform as a Service (PaaS) components, and SaaS components. Do not allow in-house developed software to weaken configuration hardening.", ,,CIS,,,,,ROUND_RECTANGLE,50,100,0,0,#FF2C90BF,12,,
n149,Separate Production and Non-Production Systems,16.8 - Maintain separate environments for production and non-production systems., ,,CIS,,,,,ROUND_RECTANGLE,50,100,0,0,#FF2C90BF,12,,
n150,Train Developers in Application Security Concepts and Secure Coding,"16.9 - Ensure that all software development personnel receive training in writing secure code for their specific development environment and responsibilities. Training can include general security principles and application security standard practices. Conduct training at least annually and design in a way to promote security within the development team, and build a culture of security among the developers.", ,,CIS,,,,,ROUND_RECTANGLE,50,100,0,0,#FF2C90BF,12,,
n151,Apply Secure Design Principles in Application Architectures,"16.10 - Apply secure design principles in application architectures. Secure design principles include the concept of least privilege and enforcing mediation to validate every operation that the user makes, promoting the concept of ""never trust user input."" Examples include ensuring that explicit error checking is performed and documented for all input, including for size, data type, and acceptable ranges or formats. Secure design also means minimizing the application infrastructure attack surface, such as turning off unprotected ports and services, removing unnecessary programs and files, and renaming or removing default accounts.", ,,CIS,,,,,ROUND_RECTANGLE,50,100,0,0,#FF2C90BF,12,,
n152,Leverage Vetted Modules or Services for Application Security Components,"16.11 - Leverage vetted modules or services for application security components, such as identity management, encryption, and auditing and logging. Using platform features in critical security functions will reduce developers’ workload and minimize the likelihood of design or implementation errors. Modern operating systems provide effective mechanisms for identification, authentication, and authorization and make those mechanisms available to applications. Use only standardized, currently accepted, and extensively reviewed encryption algorithms. Operating systems also provide mechanisms to create and maintain secure audit logs.", ,,CIS,,,,,ROUND_RECTANGLE,50,100,0,0,#FF2C90BF,12,,
n153,Implement Code-Level Security Checks,16.12 - Apply static and dynamic analysis tools within the application life cycle to verify that secure coding practices are being followed., ,,CIS,,,,,ROUND_RECTANGLE,50,100,0,0,#FF2C90BF,12,,
n154,Conduct Application Penetration Testing,"16.13 - Conduct application penetration testing. For critical applications, authenticated penetration testing is better suited to finding business logic vulnerabilities than code scanning and automated security testing. Penetration testing relies on the skill of the tester to manually manipulate an application as an authenticated and unauthenticated user. ", ,,CIS,,,,,ROUND_RECTANGLE,50,100,0,0,#FF2C90BF,12,,
n155,Conduct Threat Modeling,"16.14 - Conduct threat modeling. Threat modeling is the process of identifying and addressing application security design flaws within a design, before code is created. It is conducted through specially trained individuals who evaluate the application design and gauge security risks for each entry point and access level. The goal is to map out the application, architecture, and infrastructure in a structured way to understand its weaknesses.", ,,CIS,,,,,ROUND_RECTANGLE,50,100,0,0,#FF2C90BF,12,,
n156,Incident Response Management,"17.0 - Establish a program to develop and maintain an incident response capability (e.g., policies, plans, procedures, defined roles, training, and communications) to prepare, detect, and quickly respond to an attack.", ,,CIS,,,,,ROUND_RECTANGLE,50,100,0,0,#FF2C90BF,12,,
n157,Designate Personnel to Manage Incident Handling,"17.1 - Designate one key person, and at least one backup, who will manage the enterprise’s incident handling process. Management personnel are responsible for the coordination and documentation of incident response and recovery efforts and can consist of employees internal to the enterprise, third-party vendors, or a hybrid approach. If using a third-party vendor, designate at least one person internal to the enterprise to oversee any third-party work. Review annually, or when significant enterprise changes occur that could impact this Safeguard.", ,,CIS,,,,,ROUND_RECTANGLE,50,100,0,0,#FF2C90BF,12,,
n158,Establish and Maintain Contact Information for Reporting Security Incidents,"17.2 - Establish and maintain contact information for parties that need to be informed of security incidents. Contacts may include internal staff, third-party vendors, law enforcement, cyber insurance providers, relevant government agencies, Information Sharing and Analysis Center (ISAC) partners, or other stakeholders. Verify contacts annually to ensure that information is up-to-date.", ,,CIS,,,,,ROUND_RECTANGLE,50,100,0,0,#FF2C90BF,12,,
n159,Establish and Maintain an Enterprise Process for Reporting Incidents,"17.3 - Establish and maintain an enterprise process for the workforce to report security incidents. The process includes reporting timeframe, personnel to report to, mechanism for reporting, and the minimum information to be reported. Ensure the process is publicly available to all of the workforce. Review annually, or when significant enterprise changes occur that could impact this Safeguard.", ,,CIS,,,,,ROUND_RECTANGLE,50,100,0,0,#FF2C90BF,12,,
n160,Establish and Maintain an Incident Response Process,"17.4 - Establish and maintain an incident response process that addresses roles and responsibilities, compliance requirements, and a communication plan. Review annually, or when significant enterprise changes occur that could impact this Safeguard.", ,,CIS,,,,,ROUND_RECTANGLE,50,100,0,0,#FF2C90BF,12,,
n161,Assign Key Roles and Responsibilities,"17.5 - Assign key roles and responsibilities for incident response, including staff from legal, IT, information security, facilities, public relations, human resources, incident responders, and analysts, as applicable. Review annually, or when significant enterprise changes occur that could impact this Safeguard.", ,,CIS,,,,,ROUND_RECTANGLE,50,100,0,0,#FF2C90BF,12,,
n162,Define Mechanisms for Communicating During Incident Response,"17.6 - Determine which primary and secondary mechanisms will be used to communicate and report during a security incident. Mechanisms can include phone calls, emails, or letters. Keep in mind that certain mechanisms, such as emails, can be affected during a security incident. Review annually, or when significant enterprise changes occur that could impact this Safeguard.", ,,CIS,,,,,ROUND_RECTANGLE,50,100,0,0,#FF2C90BF,12,,
n163,Conduct Routine Incident Response Exercises,"17.7 - Plan and conduct routine incident response exercises and scenarios for key personnel involved in the incident response process to prepare for responding to real-world incidents. Exercises need to test communication channels, decision making, and workflows. Conduct testing on an annual basis, at a minimum.", ,,CIS,,,,,ROUND_RECTANGLE,50,100,0,0,#FF2C90BF,12,,
n164,Conduct Post-Incident Reviews,17.8 - Conduct post-incident reviews. Post-incident reviews help prevent incident recurrence through identifying lessons learned and follow-up action., ,,CIS,,,,,ROUND_RECTANGLE,50,100,0,0,#FF2C90BF,12,,
n165,Establish and Maintain Security Incident Thresholds,"17.9 - Establish and maintain security incident thresholds, including, at a minimum, differentiating between an incident and an event. Examples can include: abnormal activity, security vulnerability, security weakness, data breach, privacy incident, etc. Review annually, or when significant enterprise changes occur that could impact this Safeguard.", ,,CIS,,,,,ROUND_RECTANGLE,50,100,0,0,#FF2C90BF,12,,
n166,Penetration Testing,"18.0 - Test the effectiveness and resiliency of enterprise assets through identifying and exploiting weaknesses in controls (people, processes, and technology), and simulating the objectives and actions of an attacker.", ,,CIS,,,,,ROUND_RECTANGLE,50,100,0,0,#FF2C90BF,12,,
n167,Establish and Maintain a Penetration Testing Program,"18.1 - Establish and maintain a penetration testing program appropriate to the size, complexity, and maturity of the enterprise. Penetration testing program characteristics include scope, such as network, web application, Application Programming Interface (API), hosted services, and physical premise controls; frequency; limitations, such as acceptable hours, and excluded attack types; point of contact information; remediation, such as how findings will be routed internally; and retrospective requirements.", ,,CIS,,,,,ROUND_RECTANGLE,50,100,0,0,#FF2C90BF,12,,
n168,Perform Periodic External Penetration Tests,"18.2 - Perform periodic external penetration tests based on program requirements, no less than annually. External penetration testing must include enterprise and environmental reconnaissance to detect exploitable information. Penetration testing requires specialized skills and experience and must be conducted through a qualified party. The testing may be clear box or opaque box.", ,,CIS,,,,,ROUND_RECTANGLE,50,100,0,0,#FF2C90BF,12,,
n169,Remediate Penetration Test Findings,18.3 - Remediate penetration test findings based on the enterprise’s policy for remediation scope and prioritization., ,,CIS,,,,,ROUND_RECTANGLE,50,100,0,0,#FF2C90BF,12,,
n170,Validate Security Measures,"18.4 - Validate security measures after each penetration test. If deemed necessary, modify rulesets and capabilities to detect the techniques used during testing.", ,,CIS,,,,,ROUND_RECTANGLE,50,100,0,0,#FF2C90BF,12,,
n171,Perform Periodic Internal Penetration Tests,"18.5 - Perform periodic internal penetration tests based on program requirements, no less than annually. The testing may be clear box or opaque box.", ,,CIS,,,,,ROUND_RECTANGLE,50,100,0,0,#FF2C90BF,12,,
n172,CIS IG1,, ,,CIS,,,,,ROUND_RECTANGLE,50,100,0,0,#FF2C90BF,12,,
n173,CIS IG2,, ,,CIS,,,,,ROUND_RECTANGLE,50,100,0,0,#FF2C90BF,12,,
n174,CIS IG3,, ,,CIS,,,,,ROUND_RECTANGLE,50,100,0,0,#FF2C90BF,12,,
n175,Asset Type: Devices,, ,,CIS,,,,,ROUND_RECTANGLE,50,100,0,0,#FF2C90BF,12,,
n176,Asset Type: Data,, ,,CIS,,,,,ROUND_RECTANGLE,50,100,0,0,#FF2C90BF,12,,
n177,Asset Type: Applications,, ,,CIS,,,,,ROUND_RECTANGLE,50,100,0,0,#FF2C90BF,12,,
n178,Asset Type: Networks,, ,,CIS,,,,,ROUND_RECTANGLE,50,100,0,0,#FF2C90BF,12,,
n179,Asset Type: Users,, ,,CIS,,,,,ROUND_RECTANGLE,50,100,0,0,#FF2C90BF,12,,
n180,Security Function: Protect,, ,,CIS,,,,,ROUND_RECTANGLE,50,100,0,0,#FF2C90BF,12,,
n181,Security Function: Defend,, ,,CIS,,,,,ROUND_RECTANGLE,50,100,0,0,#FF2C90BF,12,,
n182,Security Function: Identify,, ,,CIS,,,,,ROUND_RECTANGLE,50,100,0,0,#FF2C90BF,12,,
n183,Security Function: Respond,, ,,CIS,,,,,ROUND_RECTANGLE,50,100,0,0,#FF2C90BF,12,,
,,, ,,,e0,n0,n1,2.5,,,,,,,,,
,,, ,,,e1,n0,n7,2.5,,,,,,,,,
,,, ,,,e2,n0,n15,2.5,,,,,,,,,
,,, ,,,e3,n0,n30,2.5,,,,,,,,,
,,, ,,,e4,n0,n43,2.5,,,,,,,,,
,,, ,,,e5,n0,n50,2.5,,,,,,,,,
,,, ,,,e6,n0,n59,2.5,,,,,,,,,
,,, ,,,e7,n0,n67,2.5,,,,,,,,,
,,, ,,,e8,n0,n80,2.5,,,,,,,,,
,,, ,,,e9,n0,n88,2.5,,,,,,,,,
,,, ,,,e10,n0,n96,2.5,,,,,,,,,
,,, ,,,e11,n0,n102,2.5,,,,,,,,,
,,, ,,,e12,n0,n111,2.5,,,,,,,,,
,,, ,,,e13,n0,n123,2.5,,,,,,,,,
,,, ,,,e14,n0,n133,2.5,,,,,,,,,
,,, ,,,e15,n0,n141,2.5,,,,,,,,,
,,, ,,,e16,n0,n151,2.5,,,,,,,,,
,,, ,,,e17,n0,n156,2.5,,,,,,,,,
,,, ,,,e18,n0,n166,2.5,,,,,,,,,
,,, ,,,e19,n1,n2,1.5,,,,,,,,,
,,, ,,,e20,n1,n3,1.5,,,,,,,,,
,,, ,,,e21,n1,n4,1.5,,,,,,,,,
,,, ,,,e22,n1,n5,1.5,,,,,,,,,
,,, ,,,e23,n1,n6,1.5,,,,,,,,,
,,, ,,,e24,n7,n8,1.5,,,,,,,,,
,,, ,,,e25,n7,n9,1.5,,,,,,,,,
,,, ,,,e26,n7,n10,1.5,,,,,,,,,
,,, ,,,e27,n7,n11,1.5,,,,,,,,,
,,, ,,,e28,n7,n12,1.5,,,,,,,,,
,,, ,,,e29,n7,n13,1.5,,,,,,,,,
,,, ,,,e30,n7,n14,1.5,,,,,,,,,
,,, ,,,e31,n15,n16,1.5,,,,,,,,,
,,, ,,,e32,n15,n17,1.5,,,,,,,,,
,,, ,,,e33,n15,n18,1.5,,,,,,,,,
,,, ,,,e34,n15,n19,1.5,,,,,,,,,
,,, ,,,e35,n15,n20,1.5,,,,,,,,,
,,, ,,,e36,n15,n21,1.5,,,,,,,,,
,,, ,,,e37,n15,n22,1.5,,,,,,,,,
,,, ,,,e38,n15,n23,1.5,,,,,,,,,
,,, ,,,e39,n15,n24,1.5,,,,,,,,,
,,, ,,,e40,n15,n25,1.5,,,,,,,,,
,,, ,,,e41,n15,n26,1.5,,,,,,,,,
,,, ,,,e42,n15,n27,1.5,,,,,,,,,
,,, ,,,e43,n15,n28,1.5,,,,,,,,,
,,, ,,,e44,n15,n29,1.5,,,,,,,,,
,,, ,,,e45,n30,n31,1.5,,,,,,,,,
,,, ,,,e46,n30,n32,1.5,,,,,,,,,
,,, ,,,e47,n30,n33,1.5,,,,,,,,,
,,, ,,,e48,n30,n34,1.5,,,,,,,,,
,,, ,,,e49,n30,n35,1.5,,,,,,,,,
,,, ,,,e50,n30,n36,1.5,,,,,,,,,
,,, ,,,e51,n30,n37,1.5,,,,,,,,,
,,, ,,,e52,n30,n38,1.5,,,,,,,,,
,,, ,,,e53,n30,n39,1.5,,,,,,,,,
,,, ,,,e54,n30,n40,1.5,,,,,,,,,
,,, ,,,e55,n30,n41,1.5,,,,,,,,,
,,, ,,,e56,n30,n42,1.5,,,,,,,,,
,,, ,,,e57,n43,n44,1.5,,,,,,,,,
,,, ,,,e58,n43,n45,1.5,,,,,,,,,
,,, ,,,e59,n43,n46,1.5,,,,,,,,,
,,, ,,,e60,n43,n47,1.5,,,,,,,,,
,,, ,,,e61,n43,n48,1.5,,,,,,,,,
,,, ,,,e62,n43,n49,1.5,,,,,,,,,
,,, ,,,e63,n50,n51,1.5,,,,,,,,,
,,, ,,,e64,n50,n52,1.5,,,,,,,,,
,,, ,,,e65,n50,n53,1.5,,,,,,,,,
,,, ,,,e66,n50,n54,1.5,,,,,,,,,
,,, ,,,e67,n50,n55,1.5,,,,,,,,,
,,, ,,,e68,n50,n56,1.5,,,,,,,,,
,,, ,,,e69,n50,n57,1.5,,,,,,,,,
,,, ,,,e70,n50,n58,1.5,,,,,,,,,
,,,,,,e71,n59,n60,1.5,,,,,,,,,
,,,,,,e72,n59,n61,1.5,,,,,,,,,
,,,,,,e73,n59,n62,1.5,,,,,,,,,
,,,,,,e74,n59,n63,1.5,,,,,,,,,
,,,,,,e75,n59,n64,1.5,,,,,,,,,
,,,,,,e76,n59,n65,1.5,,,,,,,,,
,,,,,,e77,n59,n66,1.5,,,,,,,,,
,,,,,,e78,n67,n68,1.5,,,,,,,,,
,,,,,,e79,n67,n69,1.5,,,,,,,,,
,,,,,,e80,n67,n70,1.5,,,,,,,,,
,,,,,,e81,n67,n71,1.5,,,,,,,,,
,,,,,,e82,n67,n72,1.5,,,,,,,,,
,,,,,,e83,n67,n73,1.5,,,,,,,,,
,,,,,,e84,n67,n74,1.5,,,,,,,,,
,,,,,,e85,n67,n75,1.5,,,,,,,,,
,,,,,,e86,n67,n76,1.5,,,,,,,,,
,,,,,,e87,n67,n77,1.5,,,,,,,,,
,,,,,,e88,n67,n78,1.5,,,,,,,,,
,,,,,,e89,n67,n79,1.5,,,,,,,,,
,,,,,,e90,n80,n81,1.5,,,,,,,,,
,,,,,,e91,n80,n82,1.5,,,,,,,,,
,,,,,,e92,n80,n83,1.5,,,,,,,,,
,,,,,,e93,n80,n84,1.5,,,,,,,,,
,,,,,,e94,n80,n85,1.5,,,,,,,,,
,,,,,,e95,n80,n86,1.5,,,,,,,,,
,,,,,,e96,n80,n87,1.5,,,,,,,,,
,,,,,,e97,n88,n89,1.5,,,,,,,,,
,,,,,,e98,n88,n90,1.5,,,,,,,,,
,,,,,,e99,n88,n91,1.5,,,,,,,,,
,,,,,,e100,n88,n92,1.5,,,,,,,,,
,,,,,,e101,n88,n93,1.5,,,,,,,,,
,,,,,,e102,n88,n94,1.5,,,,,,,,,
,,,,,,e103,n88,n95,1.5,,,,,,,,,
,,,,,,e104,n96,n97,1.5,,,,,,,,,
,,,,,,e105,n96,n98,1.5,,,,,,,,,
,,,,,,e106,n96,n99,1.5,,,,,,,,,
,,,,,,e107,n96,n100,1.5,,,,,,,,,
,,,,,,e108,n96,n101,1.5,,,,,,,,,
,,,,,,e109,n102,n103,1.5,,,,,,,,,
,,,,,,e110,n102,n104,1.5,,,,,,,,,
,,,,,,e111,n102,n105,1.5,,,,,,,,,
,,,,,,e112,n102,n106,1.5,,,,,,,,,
,,,,,,e113,n102,n107,1.5,,,,,,,,,
,,,,,,e114,n102,n108,1.5,,,,,,,,,
,,,,,,e115,n102,n109,1.5,,,,,,,,,
,,,,,,e116,n102,n110,1.5,,,,,,,,,
,,,,,,e117,n111,n112,1.5,,,,,,,,,
,,,,,,e118,n111,n113,1.5,,,,,,,,,
,,,,,,e119,n111,n114,1.5,,,,,,,,,
,,,,,,e120,n111,n115,1.5,,,,,,,,,
,,,,,,e121,n111,n116,1.5,,,,,,,,,
,,,,,,e122,n111,n117,1.5,,,,,,,,,
,,,,,,e123,n111,n118,1.5,,,,,,,,,
,,,,,,e124,n111,n119,1.5,,,,,,,,,
,,,,,,e125,n111,n120,1.5,,,,,,,,,
,,,,,,e126,n111,n121,1.5,,,,,,,,,
,,,,,,e127,n111,n122,1.5,,,,,,,,,
,,,,,,e128,n123,n124,1.5,,,,,,,,,
,,,,,,e129,n123,n125,1.5,,,,,,,,,
,,,,,,e130,n123,n126,1.5,,,,,,,,,
,,,,,,e131,n123,n127,1.5,,,,,,,,,
,,,,,,e132,n123,n128,1.5,,,,,,,,,
,,,,,,e133,n123,n129,1.5,,,,,,,,,
,,,,,,e134,n123,n130,1.5,,,,,,,,,
,,,,,,e135,n123,n131,1.5,,,,,,,,,
,,,,,,e136,n123,n132,1.5,,,,,,,,,
,,,,,,e137,n133,n134,1.5,,,,,,,,,
,,,,,,e138,n133,n135,1.5,,,,,,,,,
,,,,,,e139,n133,n136,1.5,,,,,,,,,
,,,,,,e140,n133,n137,1.5,,,,,,,,,
,,,,,,e141,n133,n138,1.5,,,,,,,,,
,,,,,,e142,n133,n139,1.5,,,,,,,,,
,,,,,,e143,n133,n140,1.5,,,,,,,,,
,,,,,,e144,n141,n142,1.5,,,,,,,,,
,,,,,,e145,n141,n143,1.5,,,,,,,,,
,,,,,,e146,n141,n144,1.5,,,,,,,,,
,,,,,,e147,n141,n145,1.5,,,,,,,,,
,,,,,,e148,n141,n146,1.5,,,,,,,,,
,,,,,,e149,n141,n147,1.5,,,,,,,,,
,,,,,,e150,n141,n148,1.5,,,,,,,,,
,,,,,,e151,n141,n149,1.5,,,,,,,,,
,,,,,,e152,n141,n150,1.5,,,,,,,,,
,,,,,,e153,n151,n152,1.5,,,,,,,,,
,,,,,,e154,n151,n153,1.5,,,,,,,,,
,,,,,,e155,n151,n154,1.5,,,,,,,,,
,,,,,,e156,n151,n155,1.5,,,,,,,,,
,,,,,,e157,n156,n157,1.5,,,,,,,,,
,,,,,,e158,n156,n158,1.5,,,,,,,,,
,,,,,,e159,n156,n159,1.5,,,,,,,,,
,,,,,,e160,n156,n160,1.5,,,,,,,,,
,,,,,,e161,n156,n161,1.5,,,,,,,,,
,,,,,,e162,n156,n162,1.5,,,,,,,,,
,,,,,,e163,n156,n163,1.5,,,,,,,,,
,,,,,,e164,n156,n164,1.5,,,,,,,,,
,,,,,,e165,n156,n165,1.5,,,,,,,,,
,,,,,,e166,n166,n167,1.5,,,,,,,,,
,,,,,,e167,n166,n168,1.5,,,,,,,,,
,,,,,,e168,n166,n169,1.5,,,,,,,,,
,,,,,,e169,n166,n170,1.5,,,,,,,,,
,,,,,,e170,n166,n171,1.5,,,,,,,,,
